Address,Area,Block
441 Agnes Dr,6,3
442 Agnes Dr,6,4
445 Agnes Dr,6,3
446 Agnes Dr,6,4
449 Agnes Dr,6,3
450 Agnes Dr,6,4
453 Agnes Dr,6,3
454 Agnes Dr,6,4
457 Agnes Dr,6,3
458 Agnes Dr,6,4
461 Agnes Dr,6,3
462 Agnes Dr,6,4
465 Agnes Dr,6,3
466 Agnes Dr,6,4
469 Agnes Dr,6,3
470 Agnes Dr,6,4
471 Agnes Dr,6,3
474 Agnes Dr,6,4
475 Agnes Dr,6,3
479 Agnes Dr,6,3
4509 Ames St,3,3
4606 Ames St,4,3
4609 Ames St,3,2
4614 Ames St,4,3
4625 Ames St,7,1
4626 Ames St,6,1
4641 Ames St,7,1
4709 Ames St,7,2
4710 Ames St,6,3
4713 Ames St,7,2
4714 Ames St,6,3
4717 Ames St,7,2
4718 Ames St,6,3
4721 Ames St,7,2
4726 Ames St,6,4
4730 Ames St,6,4
4905 Ascot Ln Unit 1,12,5
4905 Ascot Ln Unit 2,12,5
4905 Ascot Ln Unit 3,12,5
4909 Ascot Ln Unit 1,12,5
4909 Ascot Ln Unit 1L,12,5
4909 Ascot Ln Unit 1R,12,5
4909 Ascot Ln Unit 2,12,5
4909 Ascot Ln Unit 3,12,5
4909 Ascot Ln Unit 4,12,5
4909 Ascot Ln Unit C1,12,5
4909 Ascot Ln Unit L1,12,5
4909 Ascot Ln Unit L2,12,5
4909 Ascot Ln Unit R1,12,5
4909 Ascot Ln Unit R2,12,5
4910 Ascot Ln Unit 1,12,5
4910 Ascot Ln Unit 2,12,5
4910 Ascot Ln Unit 3,12,5
4910 Ascot Ln Unit 4,12,5
4913 Ascot Ln Unit 1,12,5
4913 Ascot Ln Unit 2,12,5
4913 Ascot Ln Unit 3,12,5
4913 Ascot Ln Unit 4,12,5
4914 Ascot Ln Unit 1,12,5
4914 Ascot Ln Unit 2,12,5
4914 Ascot Ln Unit 3,12,5
4914 Ascot Ln Unit 4,12,5
4917 Ascot Ln Unit 1,12,5
4917 Ascot Ln Unit 2,12,5
4917 Ascot Ln Unit 3,12,5
4917 Ascot Ln Unit 4,12,5
4918 Ascot Ln Unit 1,12,5
4918 Ascot Ln Unit 2,12,5
4918 Ascot Ln Unit 3,12,5
4918 Ascot Ln Unit 4,12,5
4921 Ascot Ln Unit 1,12,5
4921 Ascot Ln Unit 2,12,5
4921 Ascot Ln Unit 3,12,5
4921 Ascot Ln Unit 4,12,5
4921 Ascot Ln Unit 5,12,5
4922 Ascot Ln Unit 1,12,5
4922 Ascot Ln Unit 2,12,5
4922 Ascot Ln Unit 3,12,5
4922 Ascot Ln Unit 4,12,5
4926 Ascot Ln Unit 1,12,5
4926 Ascot Ln Unit 2,12,5
4926 Ascot Ln Unit 3,12,5
4926 Ascot Ln Unit 4,12,5
4930 Ascot Ln,12,5
401 Berwyn Dr Unit 1,12,2
401 Berwyn Dr Unit 2,12,2
401 Berwyn Dr Unit 3,12,2
401 Berwyn Dr Unit 4,12,2
404 Berwyn Dr Unit 1,12,2
404 Berwyn Dr Unit 2,12,2
404 Berwyn Dr Unit 3,12,2
404 Berwyn Dr Unit 4,12,2
404 Berwyn Dr Unit 5,12,2
404 Berwyn Dr Unit 5B,12,2
409 Berwyn Dr Unit 1,12,2
409 Berwyn Dr Unit 2,12,2
409 Berwyn Dr Unit 3,12,2
409 Berwyn Dr Unit 4,12,2
410 Berwyn Dr Unit 1,12,2
410 Berwyn Dr Unit 2,12,2
410 Berwyn Dr Unit 3,12,2
410 Berwyn Dr Unit 4,12,2
417 Berwyn Dr,12,2
418 Berwyn Dr Unit 1,12,2
418 Berwyn Dr Unit 2,12,2
418 Berwyn Dr Unit 3,12,2
418 Berwyn Dr Unit 4,12,2
419 Berwyn Dr,12,2
421 Berwyn Dr,12,1
425 Berwyn Dr,12,1
426 Berwyn Dr,12,1
429 Berwyn Dr,12,1
433 Berwyn Dr,12,1
434 Berwyn Dr,12,1
437 Berwyn Dr,12,1
441 Berwyn Dr,12,1
453 Berwyn Dr,11,4
454 Berwyn Dr,11,2
457 Berwyn Dr,11,4
461 Berwyn Dr,11,4
462 Berwyn Dr,11,2
465 Berwyn Dr,11,4
469 Berwyn Dr,11,4
473 Berwyn Dr,11,4
474 Berwyn Dr,11,3
477 Berwyn Dr,11,4
481 Berwyn Dr,11,4
485 Berwyn Dr,11,4
1 Bluebird Ct,14,8
3 Bluebird Ct,14,8
5 Bluebird Ct Unit 1,14,8
5 Bluebird Ct Unit 2,14,8
5 Bluebird Ct Unit 3,14,8
5 Bluebird Ct Unit 4,14,8
9 Bluebird Ct Unit 1,14,8
9 Bluebird Ct Unit 2,14,8
9 Bluebird Ct Unit 3,14,8
9 Bluebird Ct Unit 4,14,8
9 Bluebird Ct Unit 5,14,8
15 Bluebird Ct Unit 1,14,8
15 Bluebird Ct Unit 2,14,8
15 Bluebird Ct Unit 3,14,8
15 Bluebird Ct Unit 4,14,8
17 Bluebird Ct,14,8
19 Bluebird Ct,14,8
21 Bluebird Ct,14,8
718 Cabot Ln,1,1
722 Cabot Ln,1,1
726 Cabot Ln,1,1
730 Cabot Ln,1,1
802 Cabot Ln,1,1
806 Cabot Ln,1,1
810 Cabot Ln,1,1
814 Cabot Ln,1,1
818 Cabot Ln,1,1
822 Cabot Ln,1,1
825 Cabot Ln,1,1
826 Cabot Ln,1,1
830 Cabot Ln,1,1
514 Caldy Pl,10,2
517 Caldy Pl,10,2
518 Caldy Pl,10,2
521 Caldy Pl,10,2
522 Caldy Pl,10,2
525 Caldy Pl,10,2
526 Caldy Pl,10,2
529 Caldy Pl,10,2
533 Caldy Pl,10,2
537 Caldy Pl,10,2
540 Caldy Pl,10,4
541 Caldy Pl,10,2
442 Charles Ln,6,2
445 Charles Ln,4,3
446 Charles Ln,6,2
449 Charles Ln,4,3
450 Charles Ln,6,2
453 Charles Ln,4,3
454 Charles Ln,6,2
457 Charles Ln,4,3
458 Charles Ln,6,2
461 Charles Ln,4,3
462 Charles Ln,6,2
465 Charles Ln,4,3
466 Charles Ln,6,2
469 Charles Ln,4,3
470 Charles Ln,6,1
473 Charles Ln,4,3
474 Charles Ln,6,1
477 Charles Ln,4,3
478 Charles Ln,6,1
481 Charles Ln,4,3
482 Charles Ln,6,1
486 Charles Ln,6,1
505 Charles Ln,3,2
506 Charles Ln,7,1
509 Charles Ln,3,2
510 Charles Ln,7,1
513 Charles Ln,3,2
514 Charles Ln,7,1
517 Charles Ln,3,2
518 Charles Ln,7,1
521 Charles Ln,3,2
522 Charles Ln,7,1
525 Charles Ln,3,2
526 Charles Ln,7,1
529 Charles Ln,3,2
530 Charles Ln,7,1
533 Charles Ln,3,2
534 Charles Ln,7,1
537 Charles Ln,3,2
538 Charles Ln,7,1
542 Charles Ln,7,1
603 Charles Ln,2,3
605 Charles Ln,2,3
606 Charles Ln,8,4
609 Charles Ln,2,3
610 Charles Ln,8,4
613 Charles Ln,2,3
614 Charles Ln,8,4
617 Charles Ln,2,3
618 Charles Ln,8,4
621 Charles Ln,2,3
622 Charles Ln,8,4
625 Charles Ln,2,3
626 Charles Ln,8,4
629 Charles Ln,2,3
630 Charles Ln,8,4
633 Charles Ln,2,3
634 Charles Ln,8,4
637 Charles Ln,2,3
638 Charles Ln,8,4
641 Charles Ln,2,3
642 Charles Ln,8,4
645 Charles Ln,2,3
646 Charles Ln,8,4
649 Charles Ln,2,3
650 Charles Ln,8,4
653 Charles Ln,2,3
654 Charles Ln,8,4
657 Charles Ln,2,3
658 Charles Ln,8,4
5001 Coney Weston Pl,13,2
5009 Coney Weston Pl,13,2
5010 Coney Weston Pl,13,3
5013 Coney Weston Pl,13,2
5017 Coney Weston Pl,13,2
5018 Coney Weston Pl,13,3
5021 Coney Weston Pl,13,2
5022 Coney Weston Pl,13,3
5025 Coney Weston Pl,13,2
5026 Coney Weston Pl,13,3
5101 Coney Weston Pl,13,2
5102 Coney Weston Pl,13,3
5105 Coney Weston Pl,13,2
5106 Coney Weston Pl,13,3
5109 Coney Weston Pl,13,2
5110 Coney Weston Pl,13,3
5113 Coney Weston Pl,13,2
5202 Coney Weston Pl,13,7
5206 Coney Weston Pl,13,7
5209 Coney Weston Pl,13,5
5210 Coney Weston Pl,13,7
5213 Coney Weston Pl,13,5
5214 Coney Weston Pl,13,7
5217 Coney Weston Pl,13,5
5218 Coney Weston Pl,13,7
5301 Coney Weston Pl,13,5
5302 Coney Weston Pl,13,7
5305 Coney Weston Pl,13,5
5306 Coney Weston Pl,13,7
5309 Coney Weston Pl,13,5
5310 Coney Weston Pl,13,7
5313 Coney Weston Pl,13,5
5314 Coney Weston Pl,13,7
5317 Coney Weston Pl,13,5
5318 Coney Weston Pl,13,7
5322 Coney Weston Pl,13,7
5326 Coney Weston Pl,13,7
5327 Coney Weston Pl,13,5
5330 Coney Weston Pl,13,7
5334 Coney Weston Pl,13,7
5338 Coney Weston Pl,13,1
5342 Coney Weston Pl,13,1
5346 Coney Weston Pl,13,1
5350 Coney Weston Pl,13,1
5351 Coney Weston Pl,13,4
5353 Coney Weston Pl,13,4
5354 Coney Weston Pl,13,1
5358 Coney Weston Pl,13,1
5362 Coney Weston Pl,13,1
601 Constitution Ln,14,4
605 Constitution Ln,14,4
609 Constitution Ln,14,4
610 Constitution Ln,14,4
613 Constitution Ln,14,4
614 Constitution Ln,14,4
617 Constitution Ln,14,4
618 Constitution Ln,14,4
621 Constitution Ln,14,4
622 Constitution Ln,14,4
625 Constitution Ln,14,4
626 Constitution Ln,14,4
629 Constitution Ln,14,4
630 Constitution Ln,14,4
630 Dearholt Rd,14,5
634 Dearholt Rd,14,5
638 Dearholt Rd,14,5
646 Dearholt Rd,14,5
650 Dearholt Rd,14,5
653 Dearholt Rd,14,1
701 Dearholt Rd,13,3
702 Dearholt Rd,13,7
705 Dearholt Rd,13,3
706 Dearholt Rd,13,7
709 Dearholt Rd,13,3
713 Dearholt Rd,13,2
718 Dearholt Rd,13,5
719 Dearholt Rd,13,2
725 Dearholt Rd,13,2
729 Dearholt Rd,13,2
733 Dearholt Rd,13,2
505 Edward St,10,1
506 Edward St,10,1
509 Edward St,10,1
510 Edward St,10,1
513 Edward St,10,1
514 Edward St,10,1
517 Edward St,10,1
518 Edward St,10,1
521 Edward St,10,1
522 Edward St,10,1
525 Edward St,10,1
526 Edward St,10,1
529 Edward St,10,1
530 Edward St,10,1
533 Edward St,10,1
534 Edward St,10,1
537 Edward St,10,1
538 Edward St,10,1
4905 Eyre Ln,10,4
4906 Eyre Ln,10,4
4909 Eyre Ln,10,4
4910 Eyre Ln,10,4
4912 Eyre Ln,10,4
4913 Eyre Ln,10,4
4917 Eyre Ln,10,4
4918 Eyre Ln,10,4
4921 Eyre Ln,10,4
4922 Eyre Ln,10,4
4925 Eyre Ln,10,4
5201 Fairway Dr,13,4
5202 Fairway Dr,13,5
5205 Fairway Dr,13,4
5206 Fairway Dr,13,5
5209 Fairway Dr,13,4
5210 Fairway Dr,13,5
5213 Fairway Dr,13,4
5214 Fairway Dr,13,5
5217 Fairway Dr,13,4
5218 Fairway Dr,13,5
5301 Fairway Dr,13,4
5302 Fairway Dr,13,5
5305 Fairway Dr,13,4
5306 Fairway Dr,13,5
5309 Fairway Dr,13,4
5310 Fairway Dr,13,5
5313 Fairway Dr,13,4
5314 Fairway Dr,13,5
5317 Fairway Dr,13,4
5318 Fairway Dr,13,5
5321 Fairway Dr,13,4
5322 Fairway Dr,13,5
5325 Fairway Dr,13,4
4905 Groton Ln,12,1
4906 Groton Ln,12,1
4909 Groton Ln,12,1
4910 Groton Ln,12,1
4913 Groton Ln,12,1
4914 Groton Ln,12,1
4918 Groton Ln,12,1
4922 Groton Ln,12,1
4402 Herrick Ln,2,1
4405 Herrick Ln,2,1
4406 Herrick Ln,2,1
4409 Herrick Ln,2,1
4410 Herrick Ln,2,1
4414 Herrick Ln,2,1
4502 Herrick Ln,2,1
4505 Herrick Ln,2,1
4506 Herrick Ln,2,1
4510 Herrick Ln,2,1
413 Hilltop Dr,12,7
417 Hilltop Dr,12,7
418 Hilltop Dr,12,7
421 Hilltop Dr,12,7
422 Hilltop Dr,12,7
425 Hilltop Dr,12,7
426 Hilltop Dr,12,7
429 Hilltop Dr,12,7
430 Hilltop Dr,12,7
434 Hilltop Dr,12,7
438 Hilltop Dr,12,7
444 Hilltop Dr,12,7
446 Hilltop Dr,12,7
453 Hilltop Dr,6,4
457 Hilltop Dr,6,4
461 Hilltop Dr,6,4
465 Hilltop Dr,6,4
466 Hilltop Dr,6,4
469 Hilltop Dr,6,4
470 Hilltop Dr,6,4
474 Hilltop Dr,6,4
478 Hilltop Dr,7,3
485 Hilltop Dr,7,3
493 Hilltop Dr,7,3
501 Hilltop Dr,7,3
505 Hilltop Dr,7,3
506 Hilltop Dr,7,3
509 Hilltop Dr,7,3
510 Hilltop Dr,7,3
513 Hilltop Dr,7,3
514 Hilltop Dr,7,3
517 Hilltop Dr,7,3
518 Hilltop Dr,7,3
521 Hilltop Dr,7,3
522 Hilltop Dr,7,3
525 Hilltop Dr,7,3
526 Hilltop Dr,7,3
529 Hilltop Dr,7,3
530 Hilltop Dr,7,3
533 Hilltop Dr,7,3
534 Hilltop Dr,7,3
537 Hilltop Dr,7,3
538 Hilltop Dr,7,3
541 Hilltop Dr,7,3
544 Hilltop Dr,7,3
545 Hilltop Dr,7,3
602 Hilltop Dr,10,7
605 Hilltop Dr,8,2
609 Hilltop Dr,8,2
610 Hilltop Dr,10,3
613 Hilltop Dr,8,2
617 Hilltop Dr,8,2
621 Hilltop Dr,8,2
625 Hilltop Dr,8,2
629 Hilltop Dr,8,2
633 Hilltop Dr,8,2
641 Hilltop Dr,8,99
653 Hilltop Dr,8,2
656 Hilltop Dr,9,3
657 Hilltop Dr,8,2
4801 Hillview Ter,10,5
4804 Hillview Ter,10,5
4805 Hillview Ter,10,5
4808 Hillview Ter,10,5
4809 Hillview Ter,10,5
4812 Hillview Ter,10,5
4813 Hillview Ter,10,5
4816 Hillview Ter,10,5
4817 Hillview Ter,10,5
4820 Hillview Ter,10,5
412 Hilton Dr,12,4
416 Hilton Dr,12,4
420 Hilton Dr,12,4
424 Hilton Dr,12,4
428 Hilton Dr,12,4
432 Hilton Dr,12,4
435 Hilton Dr,12,4
436 Hilton Dr,12,4
439 Hilton Dr,12,4
440 Hilton Dr,12,4
441 Hilton Dr,11,1
444 Hilton Dr,12,4
453 Hilton Dr,11,2
456 Hilton Dr,11,5
460 Hilton Dr,11,5
461 Hilton Dr,11,2
464 Hilton Dr,11,5
468 Hilton Dr,11,5
469 Hilton Dr,11,3
472 Hilton Dr,11,5
476 Hilton Dr,11,5
477 Hilton Dr,11,3
480 Hilton Dr,11,5
481 Hilton Dr,11,3
484 Hilton Dr,11,5
488 Hilton Dr,11,5
492 Hilton Dr,11,5
502 Hilton Dr,11,5
506 Hilton Dr,11,5
510 Hilton Dr,11,5
514 Hilton Dr,11,5
518 Hilton Dr,11,5
4801 Holiday Dr,9,2
4802 Holiday Dr,9,1
4805 Holiday Dr,9,2
4806 Holiday Dr,9,1
4809 Holiday Dr,9,2
4810 Holiday Dr,9,1
4813 Holiday Dr,9,2
4814 Holiday Dr,9,1
4817 Holiday Dr,9,2
4818 Holiday Dr,9,1
4822 Holiday Dr,9,1
4825 Holiday Dr,9,2
4826 Holiday Dr,9,1
4829 Holiday Dr,9,2
4830 Holiday Dr,9,1
4833 Holiday Dr,9,2
4834 Holiday Dr,9,1
4901 Holiday Dr,9,2
4902 Holiday Dr,9,1
4905 Holiday Dr,9,2
4906 Holiday Dr,9,1
4909 Holiday Dr,9,2
4910 Holiday Dr,9,1
4914 Holiday Dr,9,1
4917 Holiday Dr,9,2
4918 Holiday Dr,9,1
4921 Holiday Dr,9,2
4922 Holiday Dr,9,1
4925 Holiday Dr,9,2
4926 Holiday Dr,9,1
5001 Holiday Dr,14,6
5002 Holiday Dr,14,3
5005 Holiday Dr,14,6
5006 Holiday Dr,14,3
5009 Holiday Dr,14,6
5010 Holiday Dr,14,3
5013 Holiday Dr,14,6
5014 Holiday Dr,14,3
5017 Holiday Dr,14,6
5018 Holiday Dr,14,3
5021 Holiday Dr,14,6
5025 Holiday Dr,14,3
5101 Holiday Dr,14,6
5105 Holiday Dr,14,6
5109 Holiday Dr,14,6
5110 Holiday Dr,14,3
5113 Holiday Dr,14,6
5114 Holiday Dr,14,3
5117 Holiday Dr,14,6
5118 Holiday Dr,14,3
5121 Holiday Dr,14,6
4401 Keating Ter,4,2
4402 Keating Ter,5,2
4406 Keating Ter,5,2
4409 Keating Ter,4,2
4410 Keating Ter,5,2
4414 Keating Ter,5,2
4501 Keating Ter,4,1
4502 Keating Ter,5,2
4506 Keating Ter,5,2
4509 Keating Ter,4,1
4510 Keating Ter,5,2
4514 Keating Ter,5,2
4602 Keating Ter,5,2
4603 Keating Ter,4,3
4609 Keating Ter,4,3
4610 Keating Ter,5,2
4614 Keating Ter,5,2
4622 Keating Ter,5,2
4625 Keating Ter,6,2
4626 Keating Ter,5,2
4629 Keating Ter,6,2
4630 Keating Ter,5,2
4634 Keating Ter,5,2
4706 Keating Ter,5,5
4710 Keating Ter,5,5
4714 Keating Ter,5,5
4718 Keating Ter,5,5
4902 Laub Ln,11,3
4906 Laub Ln,11,3
4910 Laub Ln,11,3
4914 Laub Ln,11,3
4918 Laub Ln,11,3
4922 Laub Ln,11,3
5001 Manor Cross,15,2
5002 Manor Cross,15,2
5005 Manor Cross,15,2
5006 Manor Cross,15,2
5009 Manor Cross,15,2
5010 Manor Cross,15,2
5013 Manor Cross,15,2
5014 Manor Cross,15,2
5018 Manor Cross,15,2
5101 Manor Cross,15,2
5102 Manor Cross,15,2
402 S Midvale Blvd,5,3
442 S Midvale Blvd,4,2
446 S Midvale Blvd,4,2
450 S Midvale Blvd,4,2
454 S Midvale Blvd,4,2
458 S Midvale Blvd,4,2
462 S Midvale Blvd,4,2
466 S Midvale Blvd,4,2
470 S Midvale Blvd,4,2
474 S Midvale Blvd,4,2
478 S Midvale Blvd,4,2
482 S Midvale Blvd,4,2
486 S Midvale Blvd,4,2
490 S Midvale Blvd,4,2
502 S Midvale Blvd,3,1
506 S Midvale Blvd,3,1
510 S Midvale Blvd,3,1
514 S Midvale Blvd,3,1
518 S Midvale Blvd,3,1
522 S Midvale Blvd,3,1
526 S Midvale Blvd,3,1
530 S Midvale Blvd,3,1
534 S Midvale Blvd,3,1
538 S Midvale Blvd,3,1
542 S Midvale Blvd,3,1
602 S Midvale Blvd,3,4
610 S Midvale Blvd,2,2
618 S Midvale Blvd,2,2
626 S Midvale Blvd,2,2
646 S Midvale Blvd,2,1
650 S Midvale Blvd,2,1
658 S Midvale Blvd,2,1
702 S Midvale Blvd,1,6
826 S Midvale Blvd,1,3
830 S Midvale Blvd,1,3
5006 Milward Dr,13,2
5010 Milward Dr,13,2
5018 Milward Dr,13,2
5022 Milward Dr,13,2
5026 Milward Dr,13,2
5102 Milward Dr,13,2
5110 Milward Dr,13,2
5114 Milward Dr,13,2
5201 Milward Dr,13,99
5202 Milward Dr,13,4
5205 Milward Dr,13,1
5206 Milward Dr,13,4
5209 Milward Dr,13,1
5210 Milward Dr,13,4
5213 Milward Dr,13,1
5214 Milward Dr,13,4
5217 Milward Dr,13,1
5218 Milward Dr,13,4
5301 Milward Dr,13,1
5302 Milward Dr,13,4
5305 Milward Dr,13,1
5306 Milward Dr,13,4
5309 Milward Dr,13,1
5310 Milward Dr,13,4
5313 Milward Dr,13,1
5314 Milward Dr,13,4
5317 Milward Dr,13,1
5318 Milward Dr,13,4
5321 Milward Dr,13,1
5322 Milward Dr,13,4
5325 Milward Dr,13,1
5326 Milward Dr,13,4
5329 Milward Dr,13,1
5330 Milward Dr,13,4
417 Mineau Pkwy,12,3
418 Mineau Pkwy,12,3
421 Mineau Pkwy,12,3
422 Mineau Pkwy,12,3
425 Mineau Pkwy,12,3
426 Mineau Pkwy,12,3
429 Mineau Pkwy,12,3
430 Mineau Pkwy,12,3
433 Mineau Pkwy,12,3
434 Mineau Pkwy,12,3
437 Mineau Pkwy,12,3
438 Mineau Pkwy,12,3
441 Mineau Pkwy,12,3
442 Mineau Pkwy,12,3
445 Mineau Pkwy,12,3
446 Mineau Pkwy,12,3
4405 Mineral Point Rd,5,3
4409 Mineral Point Rd,5,3
4413 Mineral Point Rd,5,3
4501 Mineral Point Rd,5,3
4505 Mineral Point Rd,5,3
4509 Mineral Point Rd,5,3
4513 Mineral Point Rd,5,3
4601 Mineral Point Rd,5,3
4629 Mineral Point Rd,5,3
4701 Mineral Point Rd,5,5
4705 Mineral Point Rd,5,5
4709 Mineral Point Rd,5,5
4725 Mineral Point Rd Unit 1,12,6
4725 Mineral Point Rd Unit 2,12,6
4801 Mineral Point Rd,12,6
4805 Mineral Point Rd,12,6
4813 Mineral Point Rd,12,6
4821 Mineral Point Rd,12,6
4933 Mineral Point Rd Unit 1,12,6
4933 Mineral Point Rd Unit 2,12,6
4933 Mineral Point Rd Unit 3,12,6
4933 Mineral Point Rd Unit 4,12,6
4933 Mineral Point Rd Unit 5,12,6
4933 Mineral Point Rd Unit 6,12,6
4933 Mineral Point Rd Unit 7,12,6
5101 Mineral Point Rd Unit 1,15,4
5101 Mineral Point Rd Unit 2,15,4
5101 Mineral Point Rd Unit 3,15,4
5101 Mineral Point Rd Unit 4,15,4
5101 Mineral Point Rd Unit 5,15,4
5101 Mineral Point Rd Unit 6,15,4
5101 Mineral Point Rd Unit 7,15,4
5101 Mineral Point Rd Unit 8,15,4
701 Odana Ln,13,7
702 Odana Ln,13,6
704 Odana Ln,13,6
705 Odana Ln,13,7
706 Odana Ln,13,6
708 Odana Ln,13,6
709 Odana Ln,13,7
710 Odana Ln,13,6
712 Odana Ln,13,6
713 Odana Ln,13,7
714 Odana Ln,13,6
716 Odana Ln,13,6
722 Odana Ln,13,6
724 Odana Ln,13,6
726 Odana Ln,13,6
728 Odana Ln,13,6
730 Odana Ln,13,6
732 Odana Ln,13,6
734 Odana Ln,13,6
736 Odana Ln,13,6
738 Odana Ln,13,6
740 Odana Ln,13,6
742 Odana Ln,13,6
744 Odana Ln,13,6
746 Odana Ln,13,6
748 Odana Ln,13,6
749 Odana Ln,13,6
750 Odana Ln,13,6
752 Odana Ln,13,6
754 Odana Ln,13,6
755 Odana Ln,13,6
756 Odana Ln,13,6
761 Odana Ln,13,6
765 Odana Ln,13,6
4405 Odana Rd,1,6
4406 Odana Rd,2,1
4409 Odana Rd,1,6
4413 Odana Rd,1,6
4414 Odana Rd,2,1
4501 Odana Rd,1,6
4502 Odana Rd,2,1
4505 Odana Rd,1,6
4506 Odana Rd,2,1
4509 Odana Rd,1,6
4510 Odana Rd,2,1
4513 Odana Rd,1,6
4601 Odana Rd,1,6
4605 Odana Rd,1,6
4610 Odana Rd,2,3
4626 Odana Rd,2,3
4634 Odana Rd,8,4
4635 Odana Rd,8,99
4642 Odana Rd,8,4
4702 Odana Rd,8,2
4710 Odana Rd,8,2
4718 Odana Rd,8,2
4734 Odana Rd,8,2
4802 Odana Rd,9,3
4806 Odana Rd,9,3
4810 Odana Rd,9,3
4814 Odana Rd,9,3
4826 Odana Rd,9,3
4830 Odana Rd,9,3
4902 Odana Rd,9,3
4906 Odana Rd,9,3
4910 Odana Rd,9,3
4918 Odana Rd,9,3
4922 Odana Rd,9,3
4926 Odana Rd,9,3
5002 Odana Rd,14,1
5005 Odana Rd,13,3
5006 Odana Rd,14,1
5009 Odana Rd,13,3
5010 Odana Rd,14,1
5013 Odana Rd,13,3
5014 Odana Rd,14,1
5017 Odana Rd,13,3
5018 Odana Rd,14,1
5021 Odana Rd,13,3
5022 Odana Rd,14,1
5025 Odana Rd,13,3
5026 Odana Rd,14,1
5030 Odana Rd,14,1
5034 Odana Rd,14,1
5101 Odana Rd,13,3
5102 Odana Rd,14,1
5105 Odana Rd,13,3
5106 Odana Rd,14,1
5110 Odana Rd,14,1
5202 Odana Rd,14,5
5205 Odana Rd,13,7
5209 Odana Rd,13,7
5210 Odana Rd,14,5
5213 Odana Rd,13,7
5217 Odana Rd,13,7
5218 Odana Rd,14,5
5220 Odana Rd,14,5
5220 Odana Rd Unit 1/2,14,5
5221 Odana Rd,13,7
5224 Odana Rd,14,5
5301 Odana Rd,13,7
5302 Odana Rd Unit 101,14,5
5302 Odana Rd Unit 102,14,5
5302 Odana Rd Unit 104,14,5
5302 Odana Rd Unit 105,14,5
5302 Odana Rd Unit 106,14,5
5302 Odana Rd Unit 107,14,5
5302 Odana Rd Unit 108,14,5
5302 Odana Rd Unit 109,14,5
5302 Odana Rd Unit 110,14,5
5302 Odana Rd Unit 111,14,5
5302 Odana Rd Unit 201,14,5
5302 Odana Rd Unit 202,14,5
5302 Odana Rd Unit 204,14,5
5302 Odana Rd Unit 205,14,5
5302 Odana Rd Unit 206,14,5
5302 Odana Rd Unit 207,14,5
5302 Odana Rd Unit 208,14,5
5302 Odana Rd Unit 209,14,5
5302 Odana Rd Unit 210,14,5
5302 Odana Rd Unit 211,14,5
5302 Odana Rd Unit 301,14,5
5302 Odana Rd Unit 302,14,5
5302 Odana Rd Unit 304,14,5
5302 Odana Rd Unit 305,14,5
5302 Odana Rd Unit 306,14,5
5302 Odana Rd Unit 307,14,5
5302 Odana Rd Unit 308,14,5
5302 Odana Rd Unit 309,14,5
5302 Odana Rd Unit 310,14,5
5302 Odana Rd Unit 311,14,5
5305 Odana Rd,13,7
5309 Odana Rd,13,7
5313 Odana Rd,13,7
5314 Odana Rd Unit 101,14,5
5314 Odana Rd Unit 102,14,5
5314 Odana Rd Unit 103,14,5
5314 Odana Rd Unit 104,14,5
5314 Odana Rd Unit 105,14,5
5314 Odana Rd Unit 106,14,5
5314 Odana Rd Unit 107,14,5
5314 Odana Rd Unit 108,14,5
5314 Odana Rd Unit 109,14,5
5314 Odana Rd Unit 110,14,5
5314 Odana Rd Unit 201,14,5
5314 Odana Rd Unit 202,14,5
5314 Odana Rd Unit 203,14,5
5314 Odana Rd Unit 204,14,5
5314 Odana Rd Unit 205,14,5
5314 Odana Rd Unit 206,14,5
5314 Odana Rd Unit 207,14,5
5314 Odana Rd Unit 208,14,5
5314 Odana Rd Unit 209,14,5
5314 Odana Rd Unit 210,14,5
5314 Odana Rd Unit 301,14,5
5314 Odana Rd Unit 302,14,5
5314 Odana Rd Unit 303,14,5
5314 Odana Rd Unit 304,14,5
5314 Odana Rd Unit 305,14,5
5314 Odana Rd Unit 306,14,5
5314 Odana Rd Unit 307,14,5
5314 Odana Rd Unit 308,14,5
5314 Odana Rd Unit 309,14,5
5314 Odana Rd Unit 310,14,5
5317 Odana Rd,13,7
5321 Odana Rd,13,7
610 Odell St,2,2
611 Odell St,2,2
614 Odell St,2,2
618 Odell St,2,2
622 Odell St,2,2
626 Odell St,2,2
630 Odell St,2,3
634 Odell St,2,3
637 Odell St,2,1
638 Odell St,2,3
642 Odell St,2,3
645 Odell St,2,1
646 Odell St,2,3
649 Odell St,2,1
650 Odell St,2,3
653 Odell St,2,1
654 Odell St,2,3
657 Odell St,2,1
662 Odell St,2,3
401 Orchard Dr,5,3
404 Orchard Dr,5,5
405 Orchard Dr,5,3
408 Orchard Dr,5,5
409 Orchard Dr,5,3
411 Orchard Dr,5,3
412 Orchard Dr,5,5
413 Orchard Dr,5,3
417 Orchard Dr,5,3
418 Orchard Dr,5,5
420 Orchard Dr,5,5
430 Orchard Dr,5,5
436 Orchard Dr,6,3
440 Orchard Dr,6,3
441 Orchard Dr,6,2
442 Orchard Dr,6,3
445 Orchard Dr,6,2
446 Orchard Dr,6,3
449 Orchard Dr,6,2
450 Orchard Dr,6,3
453 Orchard Dr,6,2
457 Orchard Dr,6,2
460 Orchard Dr,6,3
461 Orchard Dr,6,2
465 Orchard Dr,6,2
466 Orchard Dr,6,3
469 Orchard Dr,6,1
470 Orchard Dr,6,3
473 Orchard Dr,6,1
477 Orchard Dr,6,1
478 Orchard Dr,6,3
481 Orchard Dr,6,1
482 Orchard Dr,6,3
485 Orchard Dr,6,1
486 Orchard Dr,6,3
489 Orchard Dr,6,1
490 Orchard Dr,6,3
494 Orchard Dr,6,3
502 Orchard Dr,7,4
505 Orchard Dr,7,4
506 Orchard Dr,7,4
509 Orchard Dr,7,4
510 Orchard Dr,7,4
513 Orchard Dr,7,4
514 Orchard Dr,7,4
517 Orchard Dr,7,4
518 Orchard Dr,7,4
521 Orchard Dr,7,4
522 Orchard Dr,7,4
525 Orchard Dr,7,4
526 Orchard Dr,7,4
529 Orchard Dr,7,4
530 Orchard Dr,7,4
533 Orchard Dr,7,4
534 Orchard Dr,7,4
537 Orchard Dr,7,4
538 Orchard Dr,7,4
541 Orchard Dr,7,4
542 Orchard Dr,7,4
546 Orchard Dr,7,4
602 Orchard Dr,8,1
603 Orchard Dr,8,5
605 Orchard Dr,8,5
606 Orchard Dr,8,1
609 Orchard Dr,8,5
610 Orchard Dr,8,1
613 Orchard Dr,8,5
614 Orchard Dr,8,1
617 Orchard Dr,8,5
618 Orchard Dr,8,1
621 Orchard Dr,8,5
622 Orchard Dr,8,1
624 Orchard Dr,8,1
625 Orchard Dr,8,5
626 Orchard Dr,8,1
629 Orchard Dr,8,5
630 Orchard Dr,8,1
633 Orchard Dr,8,5
634 Orchard Dr,8,1
637 Orchard Dr,8,5
638 Orchard Dr,8,1
641 Orchard Dr,8,5
642 Orchard Dr,8,1
645 Orchard Dr,8,5
646 Orchard Dr,8,1
649 Orchard Dr,8,5
650 Orchard Dr,8,1
653 Orchard Dr,8,5
654 Orchard Dr,8,1
657 Orchard Dr,8,5
658 Orchard Dr,8,1
1 Parklawn Pl,5,1
2 Parklawn Pl,5,1
5 Parklawn Pl,5,1
6 Parklawn Pl,5,1
9 Parklawn Pl,5,1
10 Parklawn Pl,5,1
13 Parklawn Pl,5,1
14 Parklawn Pl,5,1
17 Parklawn Pl,5,1
18 Parklawn Pl,5,1
4905 Phillip Ln,11,3
4906 Phillip Ln,11,2
4909 Phillip Ln,11,3
4910 Phillip Ln,11,2
4913 Phillip Ln,11,3
4914 Phillip Ln,11,2
4917 Phillip Ln,11,3
4918 Phillip Ln,11,2
501 Piper Dr,7,2
502 Piper Dr,7,2
506 Piper Dr,7,2
509 Piper Dr,7,2
510 Piper Dr,7,2
513 Piper Dr,7,2
514 Piper Dr,7,2
517 Piper Dr,7,2
518 Piper Dr,7,2
521 Piper Dr,7,2
522 Piper Dr,7,2
525 Piper Dr,7,2
526 Piper Dr,7,2
529 Piper Dr,7,2
530 Piper Dr,7,2
533 Piper Dr,7,2
534 Piper Dr,7,2
537 Piper Dr,7,2
538 Piper Dr,7,2
541 Piper Dr,7,2
542 Piper Dr,7,2
601 Piper Dr,8,6
602 Piper Dr,8,3
606 Piper Dr,8,3
607 Piper Dr,8,6
609 Piper Dr,8,6
610 Piper Dr,8,3
613 Piper Dr,8,6
614 Piper Dr,8,3
617 Piper Dr,8,6
618 Piper Dr,8,3
619 Piper Dr,8,6
621 Piper Dr,8,6
622 Piper Dr,8,3
625 Piper Dr,8,6
626 Piper Dr,8,3
629 Piper Dr,8,6
630 Piper Dr,8,3
633 Piper Dr,8,6
634 Piper Dr,8,3
637 Piper Dr,8,6
641 Piper Dr,8,6
645 Piper Dr,8,6
401 Presidential Ln Unit 1,15,1
401 Presidential Ln Unit 2,15,1
401 Presidential Ln Unit 3,15,1
401 Presidential Ln Unit 4,15,1
405 Presidential Ln Unit 1,15,1
405 Presidential Ln Unit 2,15,1
405 Presidential Ln Unit 3,15,1
405 Presidential Ln Unit 4,15,1
409 Presidential Ln,15,1
413 Presidential Ln,15,1
417 Presidential Ln,15,1
418 Presidential Ln,15,1
421 Presidential Ln,15,1
422 Presidential Ln,15,1
425 Presidential Ln,15,1
426 Presidential Ln,15,1
429 Presidential Ln,15,1
430 Presidential Ln,15,1
433 Presidential Ln,15,1
434 Presidential Ln,15,1
437 Presidential Ln,15,1
438 Presidential Ln,15,1
441 Presidential Ln,15,1
442 Presidential Ln,15,1
455 Presidential Ln,15,5
459 Presidential Ln,15,5
460 Presidential Ln,15,5
463 Presidential Ln,15,5
464 Presidential Ln,15,5
467 Presidential Ln,15,5
468 Presidential Ln,15,5
471 Presidential Ln,15,5
472 Presidential Ln,15,5
475 Presidential Ln,15,5
476 Presidential Ln,15,5
479 Presidential Ln,15,5
480 Presidential Ln,15,5
483 Presidential Ln,15,5
484 Presidential Ln,15,5
487 Presidential Ln,15,5
488 Presidential Ln,15,5
491 Presidential Ln,15,5
492 Presidential Ln,15,5
501 Presidential Ln,15,5
502 Presidential Ln,15,5
505 Presidential Ln,15,5
506 Presidential Ln,15,5
509 Presidential Ln,15,5
510 Presidential Ln,15,5
513 Presidential Ln,15,5
514 Presidential Ln,15,5
517 Presidential Ln,15,5
521 Presidential Ln,15,5
4401 Rolla Ln,1,5
4402 Rolla Ln,1,5
4405 Rolla Ln,1,5
4406 Rolla Ln,1,5
4409 Rolla Ln,1,5
4410 Rolla Ln,1,5
4413 Rolla Ln,1,5
4414 Rolla Ln,1,5
4417 Rolla Ln,1,5
4418 Rolla Ln,1,5
4421 Rolla Ln,1,5
4422 Rolla Ln,1,5
4425 Rolla Ln,1,5
4426 Rolla Ln,1,5
4429 Rolla Ln,1,5
4430 Rolla Ln,1,5
4434 Rolla Ln,1,5
402 Rushmore Ln Unit 1,15,6
402 Rushmore Ln Unit 2,15,6
402 Rushmore Ln Unit 3,15,6
402 Rushmore Ln Unit 4,15,6
405 Rushmore Ln,15,6
406 Rushmore Ln Unit A,15,6
406 Rushmore Ln Unit B,15,6
406 Rushmore Ln Unit C,15,6
406 Rushmore Ln Unit D,15,6
410 Rushmore Ln Unit 1,15,6
410 Rushmore Ln Unit 2,15,6
410 Rushmore Ln Unit 3,15,6
410 Rushmore Ln Unit 4,15,6
411 Rushmore Ln,15,8
414 Rushmore Ln Unit 1,15,6
414 Rushmore Ln Unit 2,15,6
414 Rushmore Ln Unit 3,15,6
414 Rushmore Ln Unit 4,15,6
422 Rushmore Ln Unit 1,15,6
422 Rushmore Ln Unit 2,15,6
422 Rushmore Ln Unit 3,15,6
422 Rushmore Ln Unit 4,15,6
425 Rushmore Ln,15,8
426 Rushmore Ln Unit 1,15,6
426 Rushmore Ln Unit 2,15,6
426 Rushmore Ln Unit 3,15,6
426 Rushmore Ln Unit 4,15,6
429 Rushmore Ln,15,8
430 Rushmore Ln,15,8
433 Rushmore Ln,15,8
434 Rushmore Ln,15,8
437 Rushmore Ln,15,8
438 Rushmore Ln,15,8
441 Rushmore Ln,15,8
442 Rushmore Ln,15,8
445 Rushmore Ln,15,8
446 Rushmore Ln,15,8
455 Rushmore Ln,15,7
456 Rushmore Ln,15,7
459 Rushmore Ln,15,7
460 Rushmore Ln,15,7
463 Rushmore Ln,15,7
464 Rushmore Ln,15,7
467 Rushmore Ln,15,7
468 Rushmore Ln,15,7
471 Rushmore Ln,15,7
472 Rushmore Ln,15,7
475 Rushmore Ln,15,7
476 Rushmore Ln,15,7
479 Rushmore Ln,15,7
480 Rushmore Ln,15,7
483 Rushmore Ln,15,7
484 Rushmore Ln,15,7
487 Rushmore Ln,15,7
488 Rushmore Ln,15,7
491 Rushmore Ln,15,7
492 Rushmore Ln,15,7
501 Rushmore Ln,15,7
502 Rushmore Ln,15,7
505 Rushmore Ln,15,7
506 Rushmore Ln,15,7
509 Rushmore Ln,15,7
510 Rushmore Ln,15,7
513 Rushmore Ln,15,7
514 Rushmore Ln,15,7
518 Rushmore Ln,15,7
529 Rushmore Ln,15,2
533 Rushmore Ln,15,2
534 Rushmore Ln,15,2
537 Rushmore Ln,15,2
538 Rushmore Ln,15,2
542 Rushmore Ln,15,2
402 S Segoe Rd,12,6
414 S Segoe Rd,12,6
417 S Segoe Rd,5,5
418 S Segoe Rd,12,6
421 S Segoe Rd,5,5
422 S Segoe Rd,12,6
425 S Segoe Rd,5,5
426 S Segoe Rd,12,6
429 S Segoe Rd,5,5
430 S Segoe Rd,12,6
434 S Segoe Rd,12,6
438 S Segoe Rd,12,6
441 S Segoe Rd,6,4
443 S Segoe Rd,6,4
450 S Segoe Rd,11,1
465 S Segoe Rd,6,4
466 S Segoe Rd,11,4
469 S Segoe Rd,6,4
470 S Segoe Rd,11,4
473 S Segoe Rd,6,4
474 S Segoe Rd,11,4
477 S Segoe Rd,6,4
478 S Segoe Rd,11,4
482 S Segoe Rd,11,4
501 S Segoe Rd,10,6
502 S Segoe Rd,10,99
505 S Segoe Rd,10,6
509 S Segoe Rd,10,6
513 S Segoe Rd,10,6
517 S Segoe Rd,10,6
521 S Segoe Rd,10,6
525 S Segoe Rd,10,6
529 S Segoe Rd,10,6
531 S Segoe Rd,10,6
533 S Segoe Rd,10,6
537 S Segoe Rd,10,6
540 S Segoe Rd,11,5
541 S Segoe Rd,10,6
558 S Segoe Rd,15,3
561 S Segoe Rd,15,99
562 S Segoe Rd,15,3
566 S Segoe Rd,15,3
570 S Segoe Rd,15,3
574 S Segoe Rd,15,3
578 S Segoe Rd,15,3
602 S Segoe Rd Unit 105,14,6
610 S Segoe Rd,14,6
613 S Segoe Rd,14,6
614 S Segoe Rd,14,6
617 S Segoe Rd,14,6
618 S Segoe Rd,14,6
621 S Segoe Rd,14,6
622 S Segoe Rd,14,6
625 S Segoe Rd,14,6
626 S Segoe Rd,14,6
629 S Segoe Rd,14,6
630 S Segoe Rd,14,6
633 S Segoe Rd,14,5
634 S Segoe Rd,14,6
637 S Segoe Rd,14,5
638 S Segoe Rd,14,6
642 S Segoe Rd,14,6
645 S Segoe Rd,14,5
649 S Segoe Rd Unit 1,14,5
649 S Segoe Rd Unit 2,14,5
649 S Segoe Rd Unit 3,14,5
649 S Segoe Rd Unit 4,14,5
649 S Segoe Rd Unit 5,14,5
653 S Segoe Rd Unit 1,14,5
653 S Segoe Rd Unit 2,14,5
653 S Segoe Rd Unit 3,14,5
653 S Segoe Rd Unit 4,14,5
653 S Segoe Rd Unit 5,14,5
657 S Segoe Rd Unit 1,14,5
657 S Segoe Rd Unit 2,14,5
657 S Segoe Rd Unit 3,14,5
657 S Segoe Rd Unit 4,14,5
657 S Segoe Rd Unit 5,14,5
677 S Segoe Rd,14,5
678 S Segoe Rd,14,99
4709 Sherwood Rd,8,6
4713 Sherwood Rd,8,6
4737 Sherwood Rd,8,6
4801 Sherwood Rd,9,3
4802 Sherwood Rd,9,2
4806 Sherwood Rd,9,2
4809 Sherwood Rd,9,3
4810 Sherwood Rd,9,2
4813 Sherwood Rd,9,3
4817 Sherwood Rd,9,3
4818 Sherwood Rd,9,2
4824 Sherwood Rd,9,2
4825 Sherwood Rd,9,3
4829 Sherwood Rd,9,3
4830 Sherwood Rd,9,2
4834 Sherwood Rd,9,2
4901 Sherwood Rd,9,3
4902 Sherwood Rd,9,2
4905 Sherwood Rd,9,3
4906 Sherwood Rd,9,2
4909 Sherwood Rd,9,3
4910 Sherwood Rd,9,2
4917 Sherwood Rd,9,3
4918 Sherwood Rd,9,2
4921 Sherwood Rd,9,3
4922 Sherwood Rd,9,2
4925 Sherwood Rd,9,3
4926 Sherwood Rd,9,2
5001 Sherwood Rd,14,2
5002 Sherwood Rd,14,2
5005 Sherwood Rd,14,2
5006 Sherwood Rd,14,2
5009 Sherwood Rd,14,2
5010 Sherwood Rd,14,2
5013 Sherwood Rd,14,2
5014 Sherwood Rd,14,2
5017 Sherwood Rd,14,2
5018 Sherwood Rd,14,2
5021 Sherwood Rd,14,2
5022 Sherwood Rd,14,2
5025 Sherwood Rd,14,2
5026 Sherwood Rd,14,2
5101 Sherwood Rd,14,2
5102 Sherwood Rd,14,2
5105 Sherwood Rd,14,2
5106 Sherwood Rd,14,2
5109 Sherwood Rd,14,2
5110 Sherwood Rd,14,2
5113 Sherwood Rd,14,2
5114 Sherwood Rd,14,2
5117 Sherwood Rd,14,2
5118 Sherwood Rd,14,2
5121 Sherwood Rd,14,2
5122 Sherwood Rd,14,2
4401 Somerset Ln,1,4
4402 Somerset Ln,1,4
4405 Somerset Ln,1,4
4406 Somerset Ln,1,4
4409 Somerset Ln,1,4
4410 Somerset Ln,1,4
4413 Somerset Ln,1,4
4414 Somerset Ln,1,4
4417 Somerset Ln,1,4
4418 Somerset Ln,1,4
4421 Somerset Ln,1,4
4422 Somerset Ln,1,4
4425 Somerset Ln,1,4
4426 Somerset Ln,1,4
4429 Somerset Ln,1,4
4430 Somerset Ln,1,4
4801 Tocora Ln,11,4
4806 Tocora Ln,11,1
4810 Tocora Ln,11,1
4813 Tocora Ln,11,4
4817 Tocora Ln,11,4
4821 Tocora Ln,11,4
4830 Tocora Ln,11,1
4902 Tocora Ln,11,1
4905 Tocora Ln,11,2
4906 Tocora Ln,11,1
4909 Tocora Ln,11,2
4910 Tocora Ln,11,1
4913 Tocora Ln,11,2
4914 Tocora Ln,11,1
4917 Tocora Ln,11,2
4929 Tocora Ln,11,5
4933 Tocora Ln,15,4
4934 Tocora Ln,15,1
5001 Tocora Ln,15,4
5005 Tocora Ln,15,4
5006 Tocora Ln,15,4
5009 Tocora Ln,15,4
5010 Tocora Ln,15,4
5014 Tocora Ln,15,4
5102 Tocora Ln,15,4
5105 Tocora Ln,15,4
5106 Tocora Ln,15,4
441 Togstad Glenn,4,2
442 Togstad Glenn,4,1
445 Togstad Glenn,4,2
446 Togstad Glenn,4,1
449 Togstad Glenn,4,2
450 Togstad Glenn,4,1
453 Togstad Glenn,4,2
454 Togstad Glenn,4,1
457 Togstad Glenn,4,2
458 Togstad Glenn,4,1
461 Togstad Glenn,4,2
462 Togstad Glenn,4,1
465 Togstad Glenn,4,2
466 Togstad Glenn,4,1
469 Togstad Glenn,4,2
470 Togstad Glenn,4,1
473 Togstad Glenn,4,2
474 Togstad Glenn,4,1
477 Togstad Glenn,4,2
478 Togstad Glenn,4,1
481 Togstad Glenn,4,2
482 Togstad Glenn,4,1
485 Togstad Glenn,4,2
486 Togstad Glenn,4,1
489 Togstad Glenn,4,2
490 Togstad Glenn,4,1
501 Togstad Glenn,3,4
502 Togstad Glenn,3,3
505 Togstad Glenn,3,4
506 Togstad Glenn,3,3
509 Togstad Glenn,3,4
510 Togstad Glenn,3,3
513 Togstad Glenn,3,4
514 Togstad Glenn,3,3
517 Togstad Glenn,3,4
518 Togstad Glenn,3,3
521 Togstad Glenn,3,4
522 Togstad Glenn,3,3
525 Togstad Glenn,3,4
526 Togstad Glenn,3,3
529 Togstad Glenn,3,4
530 Togstad Glenn,3,3
533 Togstad Glenn,3,4
534 Togstad Glenn,3,3
537 Togstad Glenn,3,4
538 Togstad Glenn,3,3
541 Togstad Glenn,3,4
542 Togstad Glenn,3,3
4402 Tokay Blvd,3,4
4405 Tokay Blvd,3,4
4409 Tokay Blvd,3,4
4410 Tokay Blvd,3,4
4413 Tokay Blvd,3,4
4501 Tokay Blvd,3,4
4502 Tokay Blvd,3,3
4505 Tokay Blvd,3,4
4509 Tokay Blvd,3,4
4510 Tokay Blvd,3,3
4513 Tokay Blvd,3,4
4601 Tokay Blvd,3,4
4605 Tokay Blvd,3,4
4609 Tokay Blvd,3,4
4610 Tokay Blvd,3,2
4618 Tokay Blvd,3,2
4625 Tokay Blvd,8,4
4630 Tokay Blvd,7,1
4633 Tokay Blvd,8,4
4634 Tokay Blvd,7,1
4709 Tokay Blvd,8,1
4714 Tokay Blvd,7,2
4718 Tokay Blvd,7,2
4725 Tokay Blvd,8,2
4805 Tokay Blvd,10,7
4813 Tokay Blvd,10,7
4814 Tokay Blvd,10,8
4817 Tokay Blvd,10,7
4820 Tokay Blvd,10,8
4821 Tokay Blvd,10,7
4825 Tokay Blvd,10,7
4829 Tokay Blvd,10,7
4830 Tokay Blvd,10,8
4833 Tokay Blvd,10,7
4902 Tokay Blvd,10,8
4905 Tokay Blvd,10,7
4906 Tokay Blvd,10,8
4909 Tokay Blvd,10,7
4910 Tokay Blvd,10,8
4913 Tokay Blvd,10,7
4914 Tokay Blvd,10,8
4917 Tokay Blvd,10,7
4918 Tokay Blvd,10,8
4921 Tokay Blvd,10,7
4922 Tokay Blvd,10,8
4925 Tokay Blvd,10,7
4926 Tokay Blvd,10,8
4929 Tokay Blvd,10,7
4930 Tokay Blvd,10,8
5001 Tokay Blvd,14,4
5002 Tokay Blvd,14,99
5005 Tokay Blvd,14,4
5009 Tokay Blvd,14,4
5013 Tokay Blvd,14,4
5017 Tokay Blvd,14,4
5102 Tokay Blvd,14,7
5106 Tokay Blvd,14,7
5113 Tokay Blvd,14,7
5114 Tokay Blvd,14,7
5117 Tokay Blvd Unit 1,14,7
5117 Tokay Blvd Unit 2,14,7
5119 Tokay Blvd,14,7
5121 Tokay Blvd,14,7
5123 Tokay Blvd,14,7
5201 Tokay Blvd,14,8
5205 Tokay Blvd Unit 1,14,7
5205 Tokay Blvd Unit 2,14,7
4401 Travis Ter,2,2
4405 Travis Ter,2,2
4406 Travis Ter,2,2
4409 Travis Ter,2,2
4410 Travis Ter,2,2
4413 Travis Ter,2,2
4414 Travis Ter,2,2
4501 Travis Ter,2,2
4502 Travis Ter,2,2
4505 Travis Ter,2,2
4506 Travis Ter,2,2
4509 Travis Ter,2,2
4510 Travis Ter,2,2
4513 Travis Ter,2,2
4514 Travis Ter,2,2
4402 Vale Cir,1,2
4406 Vale Cir,1,2
4409 Vale Cir,1,2
4410 Vale Cir,1,2
4413 Vale Cir,1,2
4414 Vale Cir,1,2
4417 Vale Cir,1,2
4418 Vale Cir,1,2
4421 Vale Cir,1,2
4422 Vale Cir,1,2
4425 Vale Cir,1,2
4401 Waite Ln,1,3
4402 Waite Ln,1,3
4406 Waite Ln,1,3
4409 Waite Ln,1,3
4410 Waite Ln,1,3
4413 Waite Ln,1,3
4414 Waite Ln,1,3
4417 Waite Ln,1,3
4418 Waite Ln,1,3
4421 Waite Ln,1,3
4422 Waite Ln,1,3
4425 Waite Ln,1,3
4426 Waite Ln,1,3
4429 Waite Ln,1,3
4430 Waite Ln,1,3
4405 Wakefield St,2,2
4406 Wakefield St,2,2
4409 Wakefield St,2,2
4410 Wakefield St,2,2
4413 Wakefield St,2,2
4414 Wakefield St,2,2
4501 Wakefield St,2,2
4502 Wakefield St,2,2
4505 Wakefield St,2,2
4506 Wakefield St,2,2
4509 Wakefield St,2,2
4510 Wakefield St,2,2
4514 Wakefield St,2,2
4518 Wakefield St,2,2
537 Wedgewood Way,10,6
702 Wedgewood Way,13,3
710 Wedgewood Way,13,3
714 Wedgewood Way,13,3
722 Wedgewood Way,13,2
730 Wedgewood Way,13,2
769 S Whitney Way Unit 1,13,6
769 S Whitney Way Unit 2,13,6
769 S Whitney Way Unit 3,13,6
769 S Whitney Way Unit 4,13,6
773 S Whitney Way Unit 1,13,6
773 S Whitney Way Unit 2,13,6
773 S Whitney Way Unit 3,13,6
773 S Whitney Way Unit 4,13,6
4801 Woodburn Dr,9,1
4805 Woodburn Dr,9,1
4806 Woodburn Dr,10,3
4809 Woodburn Dr,9,1
4810 Woodburn Dr,10,3
4813 Woodburn Dr,9,1
4814 Woodburn Dr,10,3
4817 Woodburn Dr,9,1
4818 Woodburn Dr,10,3
4821 Woodburn Dr,9,1
4822 Woodburn Dr,10,3
4825 Woodburn Dr,9,1
4826 Woodburn Dr,10,3
4829 Woodburn Dr,9,1
4830 Woodburn Dr,10,3
4833 Woodburn Dr,9,1
4834 Woodburn Dr,10,3
4901 Woodburn Dr,9,1
4902 Woodburn Dr,10,3
4905 Woodburn Dr,9,1
4906 Woodburn Dr,10,3
4909 Woodburn Dr,9,1
4910 Woodburn Dr,10,3
4913 Woodburn Dr,9,1
4914 Woodburn Dr,10,3
4917 Woodburn Dr,9,1
4918 Woodburn Dr,10,3
4920 Woodburn Dr,10,3
4921 Woodburn Dr,9,1
4922 Woodburn Dr,10,3
4925 Woodburn Dr,9,1
5001 Woodburn Dr,14,4
5002 Woodburn Dr,14,4
5005 Woodburn Dr,14,4
5006 Woodburn Dr,14,4
5009 Woodburn Dr,14,4
5010 Woodburn Dr,14,4
5013 Woodburn Dr,14,4
5014 Woodburn Dr,14,4
5017 Woodburn Dr,14,4
5018 Woodburn Dr,14,4
4401 Woods End,5,4
4402 Woods End,5,4
4405 Woods End,5,4
4406 Woods End,5,4
4409 Woods End,5,4
4410 Woods End,5,4
4413 Woods End,5,4
4414 Woods End,5,4
4501 Woods End,5,4
4502 Woods End,5,4
4505 Woods End,5,4
4506 Woods End,5,4
4509 Woods End,5,4
4510 Woods End,5,4
4514 Woods End,5,4
441 Woodside Ter,4,1
442 Woodside Ter,4,3
445 Woodside Ter,4,1
446 Woodside Ter,4,3
449 Woodside Ter,4,1
450 Woodside Ter,4,3
453 Woodside Ter,4,1
454 Woodside Ter,4,3
457 Woodside Ter,4,1
458 Woodside Ter,4,3
461 Woodside Ter,4,1
462 Woodside Ter,4,3
465 Woodside Ter,4,1
466 Woodside Ter,4,3
469 Woodside Ter,4,1
470 Woodside Ter,4,3
473 Woodside Ter,4,1
474 Woodside Ter,4,3
477 Woodside Ter,4,1
478 Woodside Ter,4,3
481 Woodside Ter,4,1
482 Woodside Ter,4,3
485 Woodside Ter,4,1
486 Woodside Ter,4,3
489 Woodside Ter,4,1
502 Woodside Ter,3,2
505 Woodside Ter,3,3
506 Woodside Ter,3,2
509 Woodside Ter,3,3
510 Woodside Ter,3,2
513 Woodside Ter,3,3
514 Woodside Ter,3,2
517 Woodside Ter,3,3
518 Woodside Ter,3,2
521 Woodside Ter,3,3
522 Woodside Ter,3,2
525 Woodside Ter,3,3
526 Woodside Ter,3,2
529 Woodside Ter,3,3
530 Woodside Ter,3,2
533 Woodside Ter,3,3
537 Woodside Ter,3,3
538 Woodside Ter,3,2
541 Woodside Ter,3,3
546 Woodside Ter,3,2
649 York St,2,1
650 York St,2,1
653 York St,2,1
654 York St,2,1
657 York St,2,1
658 York St,2,1
